{
  "class_distribution": {
    "treino": {
      "0": 2916,
      "1": 2917
    },
    "validacao": {
      "0": 973,
      "1": 972
    },
    "teste": {
      "0": 972,
      "1": 50
    }
  },
  "model": "logistic_regression_balanced",
  "validation": {
    "threshold": 0.35696454114704723,
    "accuracy": 0.7979434447300772,
    "precision": 0.7336561743341404,
    "recall": 0.9351851851851852,
    "f1_score": 0.8222523744911805,
    "roc_auc": 0.8461505927533107,
    "confusion_matrix": {
      "tn": 643,
      "fp": 330,
      "fn": 63,
      "tp": 909
    }
  },
  "test": {
    "threshold": 0.35696454114704723,
    "accuracy": 0.6673189823874756,
    "precision": 0.11229946524064172,
    "recall": 0.84,
    "f1_score": 0.19811320754716982,
    "roc_auc": 0.8451440329218106,
    "confusion_matrix": {
      "tn": 640,
      "fp": 332,
      "fn": 8,
      "tp": 42
    }
  },
  "artifacts": {
    "model": "models/stroke_risk_model.joblib",
    "roc_curve": "reports/roc_curve_test.csv",
    "summary": "reports/metrics_summary.csv",
    "report": "reports/metrics_report.md"
  }
}