split,model,threshold,accuracy,precision,recall,f1_score,roc_auc,confusion_matrix.tn,confusion_matrix.fp,confusion_matrix.fn,confusion_matrix.tp
validation,logistic_regression_balanced,0.35696454114704723,0.7979434447300772,0.7336561743341404,0.9351851851851852,0.8222523744911805,0.8461505927533107,643,330,63,909
test,logistic_regression_balanced,0.35696454114704723,0.6673189823874756,0.11229946524064172,0.84,0.19811320754716982,0.8451440329218106,640,332,8,42
