{
  "class_distribution": {
    "treino": {
      "0": 2917,
      "1": 149
    },
    "validacao": {
      "0": 972,
      "1": 50
    },
    "teste": {
      "0": 972,
      "1": 50
    }
  },
  "model": "logistic_regression_balanced",
  "validation": {
    "threshold": 0.7278096408813799,
    "accuracy": 0.8571428571428571,
    "precision": 0.18,
    "recall": 0.54,
    "f1_score": 0.27,
    "roc_auc": 0.8267489711934157,
    "confusion_matrix": {
      "tn": 849,
      "fp": 123,
      "fn": 23,
      "tp": 27
    }
  },
  "test": {
    "threshold": 0.7278096408813799,
    "accuracy": 0.8669275929549902,
    "precision": 0.2054794520547945,
    "recall": 0.6,
    "f1_score": 0.30612244897959184,
    "roc_auc": 0.8408847736625514,
    "confusion_matrix": {
      "tn": 856,
      "fp": 116,
      "fn": 20,
      "tp": 30
    }
  },
  "artifacts": {
    "model": "models/stroke_risk_model.joblib",
    "roc_curve": "reports/roc_curve_test.csv",
    "summary": "reports/metrics_summary.csv",
    "report": "reports/metrics_report.md"
  }
}